year,reconstructed,reconstructed_low,reconstructed_high,observed
5,0.08,-0.13,0.37,
6,0.09,-0.12,0.37,
7,0.09,-0.11,0.38,
8,0.1,-0.11,0.38,
9,0.1,-0.11,0.38,
10,0.1,-0.11,0.38,
11,0.1,-0.11,0.38,
12,0.1,-0.11,0.38,
13,0.1,-0.11,0.38,
14,0.1,-0.11,0.38,
15,0.1,-0.12,0.38,
16,0.1,-0.11,0.37,
17,0.1,-0.11,0.37,
18,0.1,-0.11,0.36,
19,0.1,-0.11,0.36,
20,0.1,-0.11,0.37,
21,0.11,-0.11,0.37,
22,0.11,-0.11,0.37,
23,0.12,-0.11,0.38,
24,0.13,-0.1,0.39,
25,0.14,-0.1,0.39,
26,0.14,-0.09,0.39,
27,0.15,-0.09,0.4,
28,0.15,-0.09,0.4,
29,0.16,-0.08,0.41,
30,0.16,-0.08,0.42,
31,0.17,-0.08,0.43,
32,0.17,-0.07,0.44,
33,0.18,-0.07,0.45,
34,0.19,-0.08,0.47,
35,0.2,-0.08,0.47,
36,0.2,-0.09,0.48,
37,0.2,-0.09,0.48,
38,0.2,-0.1,0.48,
39,0.2,-0.1,0.48,
40,0.2,-0.11,0.47,
41,0.19,-0.11,0.46,
42,0.19,-0.11,0.44,
43,0.18,-0.12,0.43,
44,0.16,-0.12,0.42,
45,0.15,-0.12,0.4,
46,0.14,-0.12,0.4,
47,0.13,-0.12,0.39,
48,0.12,-0.12,0.39,
49,0.11,-0.12,0.39,
50,0.11,-0.11,0.4,
51,0.12,-0.11,0.42,
52,0.13,-0.11,0.43,
53,0.13,-0.1,0.45,
54,0.14,-0.1,0.47,
55,0.14,-0.09,0.49,
56,0.15,-0.09,0.52,
57,0.15,-0.08,0.54,
58,0.15,-0.07,0.56,
59,0.16,-0.06,0.58,
60,0.16,-0.06,0.59,
61,0.17,-0.05,0.6,
62,0.18,-0.04,0.6,
63,0.18,-0.03,0.59,
64,0.19,-0.03,0.59,
65,0.2,-0.03,0.57,
66,0.2,-0.03,0.56,
67,0.21,-0.04,0.55,
68,0.21,-0.03,0.54,
69,0.21,-0.03,0.53,
70,0.21,-0.02,0.52,
71,0.21,-0.01,0.52,
72,0.21,-0.01,0.51,
73,0.21,0.0,0.5,
74,0.21,0.0,0.49,
75,0.21,0.0,0.49,
76,0.2,0.01,0.48,
77,0.2,0.01,0.47,
78,0.2,0.01,0.47,
79,0.2,0.0,0.46,
80,0.19,0.0,0.45,
81,0.19,0.0,0.45,
82,0.19,0.0,0.44,
83,0.19,0.0,0.44,
84,0.19,0.0,0.44,
85,0.19,0.0,0.44,
86,0.19,0.0,0.44,
87,0.19,0.0,0.44,
88,0.19,0.0,0.44,
89,0.18,-0.01,0.44,
90,0.17,-0.02,0.43,
91,0.16,-0.04,0.42,
92,0.14,-0.06,0.41,
93,0.12,-0.08,0.39,
94,0.11,-0.1,0.38,
95,0.09,-0.11,0.38,
96,0.09,-0.12,0.38,
97,0.08,-0.13,0.38,
98,0.09,-0.13,0.38,
99,0.09,-0.13,0.4,
100,0.1,-0.13,0.41,
101,0.11,-0.13,0.42,
102,0.11,-0.12,0.43,
103,0.12,-0.12,0.43,
104,0.12,-0.11,0.44,
105,0.12,-0.1,0.45,
106,0.13,-0.09,0.45,
107,0.13,-0.09,0.45,
108,0.13,-0.08,0.45,
109,0.13,-0.08,0.45,
110,0.14,-0.08,0.45,
111,0.14,-0.07,0.45,
112,0.14,-0.07,0.46,
113,0.14,-0.07,0.45,
114,0.15,-0.07,0.45,
115,0.15,-0.06,0.45,
116,0.15,-0.06,0.45,
117,0.15,-0.06,0.45,
118,0.15,-0.06,0.45,
119,0.15,-0.06,0.45,
120,0.15,-0.06,0.44,
121,0.15,-0.07,0.44,
122,0.14,-0.08,0.44,
123,0.14,-0.08,0.44,
124,0.14,-0.08,0.43,
125,0.13,-0.09,0.43,
126,0.13,-0.09,0.43,
127,0.12,-0.09,0.43,
128,0.12,-0.09,0.43,
129,0.12,-0.09,0.43,
130,0.12,-0.09,0.43,
131,0.12,-0.09,0.44,
132,0.13,-0.09,0.44,
133,0.13,-0.08,0.45,
134,0.14,-0.08,0.45,
135,0.15,-0.07,0.46,
136,0.16,-0.07,0.46,
137,0.17,-0.06,0.47,
138,0.17,-0.06,0.47,
139,0.18,-0.05,0.48,
140,0.18,-0.05,0.48,
141,0.18,-0.05,0.48,
142,0.18,-0.05,0.48,
143,0.18,-0.05,0.47,
144,0.18,-0.05,0.47,
145,0.18,-0.05,0.47,
146,0.18,-0.05,0.48,
147,0.18,-0.05,0.48,
148,0.18,-0.06,0.48,
149,0.18,-0.06,0.49,
150,0.18,-0.05,0.5,
151,0.19,-0.05,0.5,
152,0.19,-0.04,0.51,
153,0.2,-0.03,0.52,
154,0.2,-0.03,0.53,
155,0.21,-0.02,0.54,
156,0.21,-0.02,0.54,
157,0.21,-0.01,0.55,
158,0.21,-0.01,0.54,
159,0.21,-0.01,0.54,
160,0.2,-0.01,0.53,
161,0.19,-0.02,0.51,
162,0.18,-0.03,0.49,
163,0.16,-0.03,0.47,
164,0.15,-0.04,0.45,
165,0.14,-0.05,0.43,
166,0.13,-0.06,0.42,
167,0.12,-0.07,0.41,
168,0.11,-0.08,0.4,
169,0.11,-0.08,0.4,
170,0.11,-0.09,0.4,
171,0.1,-0.09,0.39,
172,0.1,-0.1,0.39,
173,0.09,-0.11,0.39,
174,0.09,-0.12,0.38,
175,0.08,-0.13,0.37,
176,0.07,-0.14,0.36,
177,0.07,-0.14,0.36,
178,0.06,-0.15,0.35,
179,0.05,-0.15,0.34,
180,0.05,-0.15,0.34,
181,0.05,-0.15,0.34,
182,0.05,-0.15,0.34,
183,0.06,-0.14,0.34,
184,0.07,-0.13,0.34,
185,0.08,-0.12,0.35,
186,0.09,-0.11,0.35,
187,0.1,-0.1,0.35,
188,0.11,-0.09,0.36,
189,0.12,-0.08,0.36,
190,0.13,-0.07,0.37,
191,0.14,-0.05,0.37,
192,0.15,-0.05,0.38,
193,0.16,-0.04,0.38,
194,0.17,-0.03,0.38,
195,0.17,-0.03,0.38,
196,0.17,-0.03,0.38,
197,0.16,-0.03,0.38,
198,0.15,-0.03,0.38,
199,0.15,-0.04,0.38,
200,0.14,-0.04,0.38,
201,0.14,-0.04,0.38,
202,0.14,-0.04,0.38,
203,0.15,-0.04,0.39,
204,0.15,-0.03,0.4,
205,0.16,-0.03,0.41,
206,0.17,-0.02,0.42,
207,0.18,-0.02,0.43,
208,0.18,-0.02,0.43,
209,0.18,-0.02,0.44,
210,0.18,-0.02,0.44,
211,0.17,-0.02,0.44,
212,0.17,-0.03,0.43,
213,0.16,-0.04,0.43,
214,0.16,-0.04,0.43,
215,0.15,-0.05,0.42,
216,0.14,-0.06,0.42,
217,0.14,-0.06,0.42,
218,0.14,-0.06,0.43,
219,0.14,-0.06,0.43,
220,0.14,-0.06,0.43,
221,0.14,-0.06,0.43,
222,0.14,-0.05,0.43,
223,0.15,-0.05,0.43,
224,0.15,-0.05,0.43,
225,0.15,-0.04,0.43,
226,0.15,-0.04,0.43,
227,0.15,-0.05,0.43,
228,0.16,-0.05,0.43,
229,0.16,-0.05,0.43,
230,0.16,-0.05,0.43,
231,0.16,-0.04,0.43,
232,0.17,-0.04,0.44,
233,0.17,-0.03,0.44,
234,0.18,-0.02,0.44,
235,0.2,0.0,0.45,
236,0.21,0.01,0.46,
237,0.22,0.03,0.47,
238,0.24,0.05,0.48,
239,0.25,0.06,0.49,
240,0.27,0.07,0.5,
241,0.28,0.08,0.51,
242,0.29,0.09,0.52,
243,0.3,0.1,0.53,
244,0.31,0.11,0.53,
245,0.31,0.11,0.54,
246,0.31,0.1,0.54,
247,0.3,0.1,0.54,
248,0.29,0.09,0.53,
249,0.28,0.08,0.52,
250,0.27,0.06,0.5,
251,0.25,0.05,0.49,
252,0.24,0.03,0.47,
253,0.22,0.01,0.45,
254,0.21,-0.01,0.43,
255,0.19,-0.03,0.41,
256,0.18,-0.05,0.4,
257,0.17,-0.06,0.39,
258,0.15,-0.07,0.38,
259,0.14,-0.08,0.37,
260,0.14,-0.08,0.37,
261,0.13,-0.09,0.37,
262,0.13,-0.09,0.38,
263,0.13,-0.09,0.38,
264,0.13,-0.1,0.39,
265,0.13,-0.1,0.39,
266,0.13,-0.1,0.4,
267,0.13,-0.11,0.4,
268,0.12,-0.11,0.4,
269,0.13,-0.12,0.4,
270,0.13,-0.13,0.39,
271,0.13,-0.13,0.39,
272,0.14,-0.13,0.38,
273,0.15,-0.13,0.38,
274,0.16,-0.12,0.37,
275,0.17,-0.12,0.37,
276,0.18,-0.1,0.37,
277,0.19,-0.09,0.37,
278,0.2,-0.07,0.37,
279,0.21,-0.06,0.38,
280,0.22,-0.05,0.39,
281,0.22,-0.04,0.4,
282,0.22,-0.03,0.41,
283,0.22,-0.02,0.41,
284,0.21,-0.02,0.41,
285,0.21,-0.02,0.41,
286,0.2,-0.03,0.41,
287,0.2,-0.04,0.41,
288,0.19,-0.04,0.4,
289,0.19,-0.04,0.4,
290,0.18,-0.05,0.39,
291,0.18,-0.05,0.39,
292,0.18,-0.05,0.39,
293,0.18,-0.05,0.39,
294,0.19,-0.04,0.39,
295,0.2,-0.04,0.4,
296,0.21,-0.03,0.4,
297,0.22,-0.02,0.41,
298,0.23,-0.02,0.42,
299,0.24,-0.01,0.43,
300,0.25,0.0,0.45,
301,0.26,0.01,0.46,
302,0.27,0.01,0.47,
303,0.27,0.02,0.47,
304,0.28,0.02,0.48,
305,0.28,0.03,0.48,
306,0.28,0.03,0.48,
307,0.28,0.03,0.48,
308,0.27,0.03,0.48,
309,0.27,0.03,0.47,
310,0.26,0.03,0.47,
311,0.26,0.03,0.46,
312,0.25,0.03,0.46,
313,0.24,0.02,0.45,
314,0.23,0.02,0.45,
315,0.22,0.01,0.44,
316,0.21,0.01,0.43,
317,0.2,-0.01,0.42,
318,0.19,-0.02,0.41,
319,0.18,-0.03,0.4,
320,0.18,-0.04,0.4,
321,0.17,-0.05,0.4,
322,0.17,-0.05,0.39,
323,0.16,-0.06,0.39,
324,0.16,-0.06,0.38,
325,0.15,-0.06,0.38,
326,0.15,-0.06,0.38,
327,0.14,-0.07,0.37,
328,0.14,-0.07,0.37,
329,0.14,-0.08,0.37,
330,0.13,-0.08,0.37,
331,0.13,-0.08,0.36,
332,0.13,-0.08,0.36,
333,0.12,-0.09,0.36,
334,0.12,-0.09,0.35,
335,0.12,-0.1,0.35,
336,0.12,-0.11,0.34,
337,0.13,-0.11,0.34,
338,0.13,-0.12,0.34,
339,0.14,-0.12,0.34,
340,0.15,-0.12,0.34,
341,0.15,-0.12,0.34,
342,0.16,-0.12,0.35,
343,0.16,-0.12,0.35,
344,0.17,-0.11,0.36,
345,0.17,-0.12,0.36,
346,0.17,-0.12,0.36,
347,0.17,-0.12,0.36,
348,0.17,-0.11,0.36,
349,0.17,-0.12,0.36,
350,0.16,-0.12,0.36,
351,0.15,-0.12,0.36,
352,0.15,-0.12,0.36,
353,0.14,-0.12,0.36,
354,0.13,-0.12,0.36,
355,0.13,-0.12,0.36,
356,0.13,-0.12,0.37,
357,0.12,-0.11,0.37,
358,0.12,-0.11,0.38,
359,0.13,-0.11,0.38,
360,0.13,-0.11,0.38,
361,0.13,-0.11,0.38,
362,0.13,-0.12,0.39,
363,0.13,-0.12,0.39,
364,0.13,-0.13,0.39,
365,0.13,-0.13,0.39,
366,0.12,-0.14,0.39,
367,0.12,-0.14,0.39,
368,0.12,-0.15,0.39,
369,0.12,-0.15,0.38,
370,0.11,-0.16,0.38,
371,0.11,-0.16,0.38,
372,0.12,-0.16,0.39,
373,0.12,-0.15,0.39,
374,0.13,-0.15,0.39,
375,0.13,-0.14,0.4,
376,0.14,-0.13,0.41,
377,0.15,-0.12,0.42,
378,0.16,-0.11,0.42,
379,0.16,-0.1,0.43,
380,0.16,-0.09,0.43,
381,0.17,-0.09,0.44,
382,0.16,-0.08,0.44,
383,0.16,-0.08,0.44,
384,0.15,-0.08,0.43,
385,0.14,-0.08,0.42,
386,0.13,-0.09,0.41,
387,0.12,-0.1,0.39,
388,0.11,-0.1,0.37,
389,0.1,-0.11,0.36,
390,0.09,-0.12,0.35,
391,0.08,-0.13,0.34,
392,0.08,-0.13,0.33,
393,0.08,-0.13,0.33,
394,0.09,-0.13,0.34,
395,0.1,-0.12,0.34,
396,0.11,-0.11,0.35,
397,0.13,-0.1,0.36,
398,0.14,-0.09,0.37,
399,0.16,-0.07,0.38,
400,0.18,-0.06,0.4,
401,0.2,-0.04,0.41,
402,0.22,-0.03,0.43,
403,0.24,-0.01,0.44,
404,0.25,0.0,0.46,
405,0.26,0.01,0.47,
406,0.27,0.02,0.47,
407,0.27,0.03,0.48,
408,0.26,0.03,0.48,
409,0.25,0.03,0.48,
410,0.24,0.03,0.48,
411,0.23,0.03,0.48,
412,0.22,0.02,0.47,
413,0.21,0.02,0.47,
414,0.21,0.02,0.46,
415,0.2,0.01,0.46,
416,0.2,0.01,0.45,
417,0.19,0.0,0.45,
418,0.19,0.0,0.44,
419,0.18,-0.01,0.44,
420,0.18,-0.01,0.44,
421,0.18,-0.01,0.44,
422,0.18,-0.01,0.44,
423,0.18,-0.01,0.44,
424,0.18,-0.01,0.44,
425,0.18,-0.01,0.44,
426,0.19,-0.01,0.44,
427,0.19,0.0,0.44,
428,0.2,0.0,0.44,
429,0.21,0.01,0.44,
430,0.21,0.01,0.45,
431,0.22,0.02,0.45,
432,0.22,0.02,0.45,
433,0.23,0.02,0.45,
434,0.23,0.02,0.45,
435,0.23,0.02,0.45,
436,0.23,0.02,0.45,
437,0.24,0.02,0.46,
438,0.24,0.02,0.46,
439,0.24,0.01,0.46,
440,0.24,0.02,0.47,
441,0.24,0.02,0.47,
442,0.24,0.02,0.48,
443,0.24,0.02,0.48,
444,0.23,0.02,0.48,
445,0.22,0.02,0.47,
446,0.22,0.01,0.46,
447,0.21,0.0,0.46,
448,0.21,0.0,0.46,
449,0.2,0.0,0.46,
450,0.2,0.0,0.46,
451,0.2,0.0,0.46,
452,0.21,0.0,0.47,
453,0.21,0.0,0.48,
454,0.21,-0.01,0.48,
455,0.21,-0.01,0.48,
456,0.21,-0.02,0.48,
457,0.2,-0.02,0.47,
458,0.19,-0.03,0.46,
459,0.19,-0.04,0.45,
460,0.18,-0.05,0.44,
461,0.17,-0.06,0.43,
462,0.15,-0.06,0.42,
463,0.15,-0.07,0.41,
464,0.14,-0.08,0.4,
465,0.13,-0.08,0.39,
466,0.12,-0.09,0.38,
467,0.11,-0.1,0.37,
468,0.11,-0.11,0.36,
469,0.1,-0.12,0.35,
470,0.1,-0.12,0.35,
471,0.1,-0.12,0.35,
472,0.1,-0.12,0.35,
473,0.11,-0.11,0.35,
474,0.12,-0.11,0.37,
475,0.13,-0.09,0.38,
476,0.14,-0.08,0.41,
477,0.15,-0.06,0.42,
478,0.16,-0.05,0.44,
479,0.17,-0.04,0.46,
480,0.18,-0.03,0.47,
481,0.19,-0.03,0.48,
482,0.2,-0.03,0.48,
483,0.21,-0.03,0.49,
484,0.21,-0.03,0.49,
485,0.21,-0.03,0.48,
486,0.22,-0.03,0.48,
487,0.23,-0.03,0.48,
488,0.23,-0.03,0.47,
489,0.24,-0.03,0.47,
490,0.24,-0.03,0.47,
491,0.25,-0.03,0.46,
492,0.25,-0.03,0.46,
493,0.25,-0.02,0.46,
494,0.25,-0.02,0.46,
495,0.25,-0.02,0.45,
496,0.25,-0.02,0.45,
497,0.25,-0.02,0.45,
498,0.25,-0.03,0.44,
499,0.24,-0.03,0.43,
500,0.23,-0.04,0.42,
501,0.23,-0.04,0.41,
502,0.22,-0.05,0.4,
503,0.21,-0.05,0.38,
504,0.2,-0.06,0.37,
505,0.19,-0.07,0.36,
506,0.18,-0.07,0.35,
507,0.17,-0.08,0.35,
508,0.17,-0.08,0.34,
509,0.16,-0.08,0.34,
510,0.16,-0.08,0.34,
511,0.16,-0.07,0.35,
512,0.17,-0.07,0.36,
513,0.17,-0.06,0.38,
514,0.18,-0.05,0.39,
515,0.19,-0.05,0.4,
516,0.19,-0.04,0.41,
517,0.2,-0.03,0.42,
518,0.2,-0.03,0.43,
519,0.21,-0.03,0.43,
520,0.21,-0.04,0.43,
521,0.21,-0.04,0.43,
522,0.21,-0.04,0.42,
523,0.21,-0.04,0.42,
524,0.21,-0.05,0.41,
525,0.2,-0.05,0.4,
526,0.2,-0.06,0.39,
527,0.19,-0.07,0.39,
528,0.19,-0.07,0.38,
529,0.18,-0.08,0.37,
530,0.18,-0.09,0.36,
531,0.17,-0.1,0.35,
532,0.16,-0.11,0.35,
533,0.15,-0.12,0.34,
534,0.13,-0.14,0.33,
535,0.12,-0.16,0.32,
536,0.1,-0.18,0.31,
537,0.08,-0.2,0.3,
538,0.07,-0.22,0.29,
539,0.05,-0.24,0.28,
540,0.03,-0.26,0.27,
541,0.02,-0.28,0.27,
542,0.01,-0.3,0.27,
543,0.0,-0.31,0.27,
544,-0.01,-0.32,0.27,
545,-0.01,-0.32,0.27,
546,-0.01,-0.31,0.27,
547,0.0,-0.3,0.28,
548,0.0,-0.29,0.29,
549,0.01,-0.27,0.29,
550,0.03,-0.25,0.3,
551,0.04,-0.22,0.31,
552,0.06,-0.2,0.32,
553,0.07,-0.18,0.32,
554,0.09,-0.16,0.33,
555,0.11,-0.14,0.33,
556,0.12,-0.12,0.34,
557,0.13,-0.1,0.34,
558,0.14,-0.09,0.35,
559,0.15,-0.08,0.35,
560,0.15,-0.07,0.35,
561,0.16,-0.07,0.36,
562,0.17,-0.07,0.36,
563,0.17,-0.06,0.37,
564,0.18,-0.05,0.38,
565,0.19,-0.05,0.39,
566,0.19,-0.04,0.39,
567,0.19,-0.04,0.4,
568,0.2,-0.04,0.41,
569,0.2,-0.04,0.41,
570,0.19,-0.04,0.41,
571,0.19,-0.04,0.4,
572,0.18,-0.05,0.4,
573,0.17,-0.06,0.39,
574,0.17,-0.07,0.38,
575,0.16,-0.07,0.37,
576,0.15,-0.08,0.37,
577,0.14,-0.08,0.36,
578,0.14,-0.08,0.37,
579,0.14,-0.07,0.37,
580,0.14,-0.07,0.37,
581,0.14,-0.06,0.37,
582,0.15,-0.04,0.38,
583,0.16,-0.03,0.39,
584,0.17,-0.01,0.39,
585,0.18,0.0,0.41,
586,0.19,0.02,0.42,
587,0.2,0.03,0.43,
588,0.22,0.05,0.44,
589,0.23,0.06,0.45,
590,0.24,0.07,0.46,
591,0.25,0.08,0.47,
592,0.25,0.08,0.48,
593,0.26,0.08,0.48,
594,0.25,0.08,0.49,
595,0.25,0.07,0.49,
596,0.24,0.07,0.49,
597,0.24,0.06,0.49,
598,0.23,0.05,0.49,
599,0.23,0.04,0.5,
600,0.22,0.03,0.51,
601,0.22,0.02,0.51,
602,0.21,0.01,0.52,
603,0.21,0.0,0.52,
604,0.2,-0.01,0.52,
605,0.2,-0.03,0.51,
606,0.19,-0.04,0.5,
607,0.18,-0.06,0.49,
608,0.18,-0.07,0.48,
609,0.17,-0.08,0.47,
610,0.17,-0.08,0.46,
611,0.17,-0.09,0.45,
612,0.18,-0.09,0.44,
613,0.18,-0.08,0.43,
614,0.19,-0.07,0.42,
615,0.19,-0.07,0.41,
616,0.2,-0.06,0.41,
617,0.2,-0.05,0.41,
618,0.2,-0.04,0.41,
619,0.2,-0.04,0.4,
620,0.19,-0.04,0.4,
621,0.19,-0.03,0.39,
622,0.18,-0.04,0.38,
623,0.17,-0.04,0.38,
624,0.16,-0.05,0.37,
625,0.15,-0.06,0.36,
626,0.15,-0.06,0.36,
627,0.14,-0.07,0.35,
628,0.14,-0.07,0.35,
629,0.14,-0.07,0.34,
630,0.14,-0.07,0.34,
631,0.13,-0.07,0.34,
632,0.13,-0.07,0.34,
633,0.13,-0.06,0.34,
634,0.13,-0.06,0.34,
635,0.12,-0.06,0.34,
636,0.12,-0.06,0.33,
637,0.11,-0.06,0.33,
638,0.11,-0.06,0.33,
639,0.1,-0.07,0.32,
640,0.1,-0.08,0.32,
641,0.09,-0.09,0.31,
642,0.09,-0.1,0.31,
643,0.08,-0.11,0.3,
644,0.08,-0.13,0.3,
645,0.08,-0.13,0.3,
646,0.08,-0.14,0.3,
647,0.09,-0.14,0.3,
648,0.1,-0.13,0.31,
649,0.11,-0.12,0.32,
650,0.12,-0.11,0.33,
651,0.13,-0.09,0.35,
652,0.15,-0.08,0.36,
653,0.16,-0.06,0.38,
654,0.17,-0.06,0.39,
655,0.17,-0.05,0.39,
656,0.17,-0.05,0.4,
657,0.17,-0.05,0.39,
658,0.17,-0.05,0.39,
659,0.16,-0.06,0.39,
660,0.16,-0.06,0.39,
661,0.15,-0.07,0.4,
662,0.15,-0.06,0.4,
663,0.15,-0.06,0.42,
664,0.16,-0.05,0.43,
665,0.16,-0.04,0.45,
666,0.18,-0.03,0.47,
667,0.19,-0.02,0.49,
668,0.2,0.0,0.51,
669,0.22,0.01,0.53,
670,0.23,0.02,0.55,
671,0.25,0.02,0.56,
672,0.26,0.02,0.56,
673,0.27,0.02,0.55,
674,0.28,0.01,0.54,
675,0.28,0.0,0.53,
676,0.27,-0.01,0.51,
677,0.27,-0.03,0.5,
678,0.26,-0.04,0.48,
679,0.24,-0.06,0.46,
680,0.22,-0.08,0.43,
681,0.2,-0.1,0.41,
682,0.18,-0.12,0.38,
683,0.15,-0.14,0.36,
684,0.12,-0.16,0.34,
685,0.1,-0.18,0.33,
686,0.07,-0.2,0.31,
687,0.04,-0.21,0.3,
688,0.02,-0.23,0.28,
689,0.0,-0.24,0.28,
690,-0.01,-0.25,0.27,
691,-0.02,-0.26,0.27,
692,-0.02,-0.26,0.26,
693,-0.02,-0.25,0.26,
694,0.0,-0.24,0.26,
695,0.01,-0.22,0.27,
696,0.03,-0.2,0.28,
697,0.06,-0.19,0.28,
698,0.08,-0.16,0.3,
699,0.11,-0.14,0.31,
700,0.13,-0.12,0.32,
701,0.15,-0.1,0.34,
702,0.17,-0.07,0.35,
703,0.19,-0.06,0.37,
704,0.2,-0.04,0.38,
705,0.21,-0.02,0.39,
706,0.22,-0.01,0.4,
707,0.22,0.0,0.4,
708,0.21,0.0,0.41,
709,0.21,0.0,0.41,
710,0.2,0.0,0.4,
711,0.19,-0.01,0.4,
712,0.18,-0.02,0.39,
713,0.17,-0.03,0.38,
714,0.16,-0.03,0.38,
715,0.16,-0.04,0.37,
716,0.16,-0.05,0.37,
717,0.16,-0.05,0.38,
718,0.16,-0.05,0.38,
719,0.17,-0.05,0.38,
720,0.17,-0.05,0.39,
721,0.18,-0.05,0.39,
722,0.19,-0.04,0.4,
723,0.19,-0.03,0.4,
724,0.2,-0.03,0.41,
725,0.21,-0.02,0.41,
726,0.21,-0.01,0.41,
727,0.21,-0.01,0.41,
728,0.21,0.0,0.41,
729,0.21,-0.01,0.4,
730,0.2,-0.01,0.39,
731,0.19,-0.02,0.38,
732,0.18,-0.03,0.37,
733,0.17,-0.04,0.36,
734,0.16,-0.05,0.35,
735,0.15,-0.05,0.35,
736,0.15,-0.06,0.34,
737,0.15,-0.06,0.34,
738,0.15,-0.06,0.35,
739,0.15,-0.06,0.35,
740,0.16,-0.05,0.36,
741,0.16,-0.05,0.37,
742,0.17,-0.04,0.39,
743,0.18,-0.04,0.4,
744,0.19,-0.03,0.42,
745,0.19,-0.02,0.43,
746,0.2,-0.01,0.44,
747,0.2,0.0,0.45,
748,0.2,0.0,0.45,
749,0.2,0.01,0.45,
750,0.2,0.01,0.45,
751,0.21,0.02,0.44,
752,0.21,0.02,0.44,
753,0.22,0.03,0.43,
754,0.23,0.03,0.43,
755,0.24,0.04,0.43,
756,0.25,0.05,0.43,
757,0.26,0.05,0.43,
758,0.27,0.06,0.43,
759,0.27,0.06,0.43,
760,0.28,0.07,0.43,
761,0.28,0.07,0.44,
762,0.29,0.08,0.45,
763,0.29,0.08,0.45,
764,0.29,0.08,0.46,
765,0.29,0.08,0.46,
766,0.29,0.07,0.46,
767,0.28,0.06,0.46,
768,0.27,0.05,0.45,
769,0.26,0.04,0.44,
770,0.25,0.03,0.43,
771,0.24,0.01,0.43,
772,0.22,0.0,0.42,
773,0.22,-0.01,0.41,
774,0.21,-0.02,0.4,
775,0.2,-0.02,0.4,
776,0.19,-0.03,0.39,
777,0.18,-0.03,0.38,
778,0.18,-0.04,0.37,
779,0.17,-0.04,0.36,
780,0.16,-0.04,0.36,
781,0.16,-0.04,0.35,
782,0.15,-0.05,0.35,
783,0.15,-0.05,0.34,
784,0.14,-0.06,0.34,
785,0.14,-0.07,0.34,
786,0.14,-0.07,0.34,
787,0.14,-0.08,0.34,
788,0.14,-0.08,0.34,
789,0.15,-0.08,0.34,
790,0.15,-0.08,0.34,
791,0.16,-0.08,0.34,
792,0.16,-0.08,0.34,
793,0.17,-0.08,0.34,
794,0.17,-0.08,0.34,
795,0.16,-0.08,0.34,
796,0.16,-0.08,0.34,
797,0.15,-0.08,0.34,
798,0.15,-0.08,0.34,
799,0.14,-0.09,0.33,
800,0.13,-0.09,0.34,
801,0.12,-0.1,0.34,
802,0.11,-0.1,0.34,
803,0.11,-0.1,0.34,
804,0.11,-0.1,0.35,
805,0.11,-0.1,0.35,
806,0.11,-0.09,0.36,
807,0.11,-0.09,0.36,
808,0.12,-0.08,0.37,
809,0.13,-0.08,0.38,
810,0.14,-0.07,0.38,
811,0.14,-0.06,0.38,
812,0.15,-0.06,0.39,
813,0.16,-0.05,0.39,
814,0.17,-0.05,0.39,
815,0.17,-0.04,0.39,
816,0.18,-0.04,0.39,
817,0.17,-0.04,0.39,
818,0.17,-0.04,0.38,
819,0.16,-0.05,0.38,
820,0.16,-0.05,0.37,
821,0.15,-0.05,0.36,
822,0.14,-0.06,0.36,
823,0.13,-0.06,0.36,
824,0.13,-0.06,0.36,
825,0.13,-0.05,0.36,
826,0.13,-0.05,0.37,
827,0.13,-0.04,0.37,
828,0.14,-0.04,0.38,
829,0.14,-0.03,0.38,
830,0.15,-0.03,0.39,
831,0.15,-0.03,0.39,
832,0.15,-0.03,0.39,
833,0.16,-0.03,0.39,
834,0.16,-0.03,0.39,
835,0.16,-0.02,0.39,
836,0.17,-0.02,0.39,
837,0.17,-0.02,0.39,
838,0.18,-0.01,0.39,
839,0.18,-0.01,0.39,
840,0.18,0.0,0.39,
841,0.19,0.0,0.4,
842,0.19,0.01,0.4,
843,0.18,0.01,0.4,
844,0.18,0.0,0.4,
845,0.17,-0.01,0.4,
846,0.16,-0.02,0.39,
847,0.15,-0.04,0.39,
848,0.14,-0.05,0.38,
849,0.13,-0.07,0.37,
850,0.12,-0.09,0.36,
851,0.11,-0.1,0.35,
852,0.1,-0.12,0.34,
853,0.09,-0.13,0.33,
854,0.07,-0.14,0.32,
855,0.07,-0.14,0.32,
856,0.06,-0.15,0.31,
857,0.05,-0.15,0.3,
858,0.05,-0.16,0.3,
859,0.05,-0.16,0.29,
860,0.05,-0.16,0.29,
861,0.05,-0.16,0.29,
862,0.06,-0.15,0.28,
863,0.06,-0.15,0.28,
864,0.07,-0.14,0.29,
865,0.08,-0.14,0.29,
866,0.1,-0.13,0.29,
867,0.11,-0.12,0.3,
868,0.12,-0.11,0.31,
869,0.14,-0.09,0.32,
870,0.15,-0.08,0.33,
871,0.17,-0.06,0.35,
872,0.18,-0.04,0.37,
873,0.19,-0.03,0.38,
874,0.21,-0.01,0.4,
875,0.22,0.0,0.41,
876,0.24,0.01,0.42,
877,0.25,0.03,0.44,
878,0.26,0.03,0.45,
879,0.27,0.04,0.45,
880,0.27,0.05,0.46,
881,0.27,0.05,0.46,
882,0.27,0.05,0.46,
883,0.27,0.05,0.46,
884,0.26,0.05,0.46,
885,0.25,0.05,0.46,
886,0.24,0.05,0.46,
887,0.24,0.05,0.46,
888,0.23,0.05,0.45,
889,0.22,0.04,0.45,
890,0.21,0.04,0.44,
891,0.21,0.04,0.43,
892,0.2,0.03,0.42,
893,0.18,0.02,0.4,
894,0.17,0.01,0.38,
895,0.16,-0.01,0.36,
896,0.14,-0.02,0.35,
897,0.13,-0.04,0.33,
898,0.12,-0.06,0.32,
899,0.11,-0.07,0.31,
900,0.11,-0.08,0.3,
901,0.1,-0.09,0.29,
902,0.11,-0.1,0.29,
903,0.11,-0.1,0.29,
904,0.12,-0.09,0.3,
905,0.12,-0.09,0.31,
906,0.13,-0.08,0.32,
907,0.13,-0.07,0.33,
908,0.14,-0.07,0.33,
909,0.15,-0.06,0.34,
910,0.15,-0.06,0.35,
911,0.15,-0.05,0.35,
912,0.15,-0.05,0.35,
913,0.15,-0.05,0.36,
914,0.14,-0.04,0.36,
915,0.14,-0.04,0.36,
916,0.14,-0.04,0.37,
917,0.14,-0.03,0.38,
918,0.14,-0.03,0.38,
919,0.15,-0.02,0.39,
920,0.15,-0.02,0.4,
921,0.16,-0.01,0.41,
922,0.17,0.0,0.41,
923,0.18,0.01,0.42,
924,0.19,0.02,0.43,
925,0.2,0.03,0.44,
926,0.21,0.03,0.46,
927,0.22,0.04,0.47,
928,0.23,0.05,0.48,
929,0.23,0.05,0.49,
930,0.24,0.05,0.49,
931,0.24,0.05,0.5,
932,0.25,0.04,0.5,
933,0.24,0.04,0.5,
934,0.24,0.03,0.49,
935,0.23,0.03,0.48,
936,0.23,0.02,0.47,
937,0.22,0.01,0.46,
938,0.21,0.0,0.45,
939,0.2,-0.01,0.44,
940,0.19,-0.02,0.43,
941,0.19,-0.02,0.42,
942,0.18,-0.02,0.41,
943,0.18,-0.02,0.41,
944,0.18,-0.01,0.41,
945,0.18,-0.01,0.41,
946,0.18,-0.01,0.4,
947,0.18,-0.02,0.4,
948,0.18,-0.02,0.39,
949,0.17,-0.03,0.38,
950,0.17,-0.03,0.36,
951,0.17,-0.04,0.35,
952,0.17,-0.05,0.35,
953,0.16,-0.05,0.34,
954,0.16,-0.05,0.33,
955,0.16,-0.06,0.33,
956,0.16,-0.06,0.33,
957,0.16,-0.06,0.33,
958,0.16,-0.05,0.33,
959,0.17,-0.05,0.34,
960,0.17,-0.04,0.34,
961,0.18,-0.03,0.36,
962,0.19,-0.03,0.37,
963,0.2,-0.02,0.37,
964,0.2,-0.01,0.38,
965,0.21,-0.01,0.39,
966,0.21,-0.01,0.39,
967,0.21,0.0,0.39,
968,0.21,0.0,0.39,
969,0.21,-0.01,0.39,
970,0.2,-0.01,0.38,
971,0.2,-0.02,0.38,
972,0.19,-0.02,0.37,
973,0.19,-0.03,0.37,
974,0.18,-0.03,0.36,
975,0.17,-0.03,0.35,
976,0.17,-0.03,0.35,
977,0.16,-0.03,0.34,
978,0.16,-0.03,0.34,
979,0.16,-0.03,0.34,
980,0.16,-0.02,0.34,
981,0.15,-0.02,0.34,
982,0.15,-0.02,0.35,
983,0.15,-0.02,0.35,
984,0.15,-0.01,0.36,
985,0.15,-0.01,0.36,
986,0.15,-0.01,0.36,
987,0.14,-0.02,0.36,
988,0.14,-0.02,0.37,
989,0.15,-0.02,0.37,
990,0.15,-0.02,0.37,
991,0.15,-0.02,0.37,
992,0.15,-0.02,0.37,
993,0.15,-0.03,0.37,
994,0.15,-0.03,0.37,
995,0.14,-0.03,0.36,
996,0.14,-0.03,0.36,
997,0.14,-0.04,0.36,
998,0.14,-0.04,0.35,
999,0.14,-0.05,0.35,
1000,0.14,-0.05,0.34,
1001,0.14,-0.06,0.34,
1002,0.13,-0.06,0.34,
1003,0.13,-0.06,0.33,
1004,0.13,-0.06,0.33,
1005,0.13,-0.06,0.33,
1006,0.13,-0.07,0.34,
1007,0.13,-0.07,0.33,
1008,0.13,-0.07,0.33,
1009,0.13,-0.08,0.33,
1010,0.13,-0.08,0.33,
1011,0.13,-0.08,0.33,
1012,0.13,-0.08,0.33,
1013,0.14,-0.07,0.33,
1014,0.14,-0.07,0.33,
1015,0.14,-0.06,0.33,
1016,0.14,-0.06,0.33,
1017,0.14,-0.05,0.33,
1018,0.15,-0.04,0.33,
1019,0.15,-0.04,0.33,
1020,0.15,-0.03,0.33,
1021,0.15,-0.03,0.33,
1022,0.15,-0.03,0.33,
1023,0.15,-0.03,0.33,
1024,0.15,-0.02,0.34,
1025,0.15,-0.02,0.34,
1026,0.15,-0.02,0.34,
1027,0.16,-0.03,0.34,
1028,0.16,-0.03,0.34,
1029,0.16,-0.03,0.35,
1030,0.16,-0.04,0.35,
1031,0.17,-0.04,0.36,
1032,0.17,-0.05,0.36,
1033,0.18,-0.05,0.36,
1034,0.18,-0.06,0.37,
1035,0.18,-0.06,0.37,
1036,0.18,-0.06,0.37,
1037,0.18,-0.07,0.36,
1038,0.17,-0.07,0.35,
1039,0.17,-0.07,0.35,
1040,0.16,-0.07,0.34,
1041,0.16,-0.08,0.33,
1042,0.15,-0.08,0.32,
1043,0.15,-0.08,0.31,
1044,0.15,-0.08,0.3,
1045,0.15,-0.08,0.3,
1046,0.15,-0.07,0.31,
1047,0.15,-0.07,0.31,
1048,0.16,-0.07,0.31,
1049,0.16,-0.06,0.32,
1050,0.15,-0.06,0.32,
1051,0.15,-0.06,0.32,
1052,0.15,-0.06,0.32,
1053,0.14,-0.07,0.32,
1054,0.13,-0.07,0.31,
1055,0.13,-0.07,0.32,
1056,0.13,-0.07,0.32,
1057,0.13,-0.07,0.32,
1058,0.13,-0.07,0.32,
1059,0.13,-0.06,0.33,
1060,0.13,-0.06,0.33,
1061,0.13,-0.06,0.33,
1062,0.12,-0.06,0.33,
1063,0.12,-0.06,0.33,
1064,0.11,-0.06,0.33,
1065,0.11,-0.07,0.32,
1066,0.11,-0.07,0.32,
1067,0.1,-0.07,0.31,
1068,0.1,-0.07,0.31,
1069,0.1,-0.07,0.31,
1070,0.1,-0.06,0.31,
1071,0.11,-0.06,0.32,
1072,0.12,-0.05,0.33,
1073,0.13,-0.04,0.33,
1074,0.14,-0.03,0.34,
1075,0.15,-0.02,0.35,
1076,0.16,-0.01,0.36,
1077,0.17,0.0,0.37,
1078,0.18,0.01,0.39,
1079,0.19,0.02,0.4,
1080,0.2,0.02,0.4,
1081,0.21,0.03,0.41,
1082,0.21,0.03,0.41,
1083,0.21,0.03,0.4,
1084,0.21,0.03,0.4,
1085,0.2,0.03,0.39,
1086,0.19,0.02,0.38,
1087,0.18,0.01,0.36,
1088,0.16,0.0,0.34,
1089,0.14,-0.02,0.33,
1090,0.13,-0.03,0.32,
1091,0.12,-0.04,0.31,
1092,0.11,-0.05,0.3,
1093,0.1,-0.06,0.3,
1094,0.09,-0.07,0.3,
1095,0.08,-0.07,0.3,
1096,0.08,-0.08,0.3,
1097,0.08,-0.08,0.3,
1098,0.07,-0.09,0.3,
1099,0.07,-0.09,0.31,
1100,0.07,-0.09,0.31,
1101,0.06,-0.1,0.31,
1102,0.06,-0.1,0.3,
1103,0.05,-0.11,0.3,
1104,0.04,-0.12,0.29,
1105,0.03,-0.13,0.28,
1106,0.02,-0.15,0.26,
1107,0.01,-0.16,0.25,
1108,0.0,-0.17,0.24,
1109,-0.01,-0.18,0.23,
1110,-0.02,-0.19,0.22,
1111,-0.02,-0.19,0.21,
1112,-0.03,-0.2,0.21,
1113,-0.03,-0.2,0.21,
1114,-0.03,-0.2,0.21,
1115,-0.03,-0.19,0.21,
1116,-0.03,-0.19,0.21,
1117,-0.03,-0.19,0.21,
1118,-0.02,-0.19,0.22,
1119,-0.02,-0.18,0.22,
1120,-0.01,-0.18,0.23,
1121,-0.01,-0.17,0.23,
1122,0.0,-0.17,0.23,
1123,0.0,-0.17,0.23,
1124,0.0,-0.17,0.23,
1125,0.0,-0.17,0.23,
1126,-0.01,-0.17,0.23,
1127,-0.01,-0.17,0.23,
1128,-0.01,-0.17,0.24,
1129,-0.01,-0.17,0.24,
1130,-0.01,-0.17,0.24,
1131,-0.01,-0.17,0.24,
1132,-0.01,-0.16,0.25,
1133,0.0,-0.16,0.25,
1134,0.0,-0.15,0.25,
1135,0.01,-0.15,0.26,
1136,0.02,-0.14,0.27,
1137,0.03,-0.14,0.28,
1138,0.04,-0.13,0.28,
1139,0.04,-0.13,0.29,
1140,0.05,-0.12,0.29,
1141,0.05,-0.12,0.3,
1142,0.05,-0.11,0.3,
1143,0.05,-0.11,0.3,
1144,0.05,-0.11,0.3,
1145,0.06,-0.11,0.29,
1146,0.06,-0.11,0.3,
1147,0.06,-0.1,0.3,
1148,0.07,-0.09,0.3,
1149,0.08,-0.09,0.31,
1150,0.09,-0.08,0.32,
1151,0.1,-0.07,0.33,
1152,0.11,-0.06,0.35,
1153,0.12,-0.05,0.36,
1154,0.13,-0.04,0.37,
1155,0.14,-0.03,0.37,
1156,0.15,-0.02,0.38,
1157,0.16,-0.02,0.38,
1158,0.16,0.0,0.38,
1159,0.17,0.0,0.39,
1160,0.17,0.01,0.39,
1161,0.18,0.01,0.39,
1162,0.18,0.02,0.39,
1163,0.18,0.02,0.39,
1164,0.17,0.02,0.38,
1165,0.17,0.01,0.38,
1166,0.16,0.0,0.37,
1167,0.15,-0.01,0.36,
1168,0.14,-0.02,0.35,
1169,0.13,-0.03,0.34,
1170,0.12,-0.04,0.33,
1171,0.11,-0.05,0.33,
1172,0.1,-0.06,0.33,
1173,0.09,-0.06,0.32,
1174,0.09,-0.07,0.32,
1175,0.09,-0.07,0.33,
1176,0.08,-0.07,0.33,
1177,0.08,-0.08,0.34,
1178,0.09,-0.08,0.34,
1179,0.09,-0.08,0.35,
1180,0.09,-0.08,0.35,
1181,0.09,-0.08,0.35,
1182,0.09,-0.08,0.35,
1183,0.09,-0.08,0.35,
1184,0.08,-0.08,0.34,
1185,0.08,-0.08,0.33,
1186,0.07,-0.09,0.32,
1187,0.06,-0.1,0.3,
1188,0.05,-0.11,0.29,
1189,0.04,-0.12,0.28,
1190,0.03,-0.12,0.27,
1191,0.03,-0.13,0.26,
1192,0.02,-0.13,0.26,
1193,0.02,-0.13,0.26,
1194,0.02,-0.13,0.26,
1195,0.02,-0.13,0.26,
1196,0.02,-0.13,0.27,
1197,0.02,-0.13,0.27,
1198,0.02,-0.12,0.27,
1199,0.02,-0.12,0.27,
1200,0.03,-0.12,0.27,
1201,0.03,-0.12,0.28,
1202,0.03,-0.12,0.28,
1203,0.03,-0.12,0.28,
1204,0.04,-0.12,0.28,
1205,0.04,-0.12,0.28,
1206,0.04,-0.11,0.28,
1207,0.04,-0.11,0.28,
1208,0.04,-0.11,0.28,
1209,0.05,-0.1,0.27,
1210,0.05,-0.1,0.27,
1211,0.04,-0.1,0.27,
1212,0.04,-0.11,0.26,
1213,0.04,-0.11,0.26,
1214,0.04,-0.11,0.26,
1215,0.04,-0.11,0.25,
1216,0.04,-0.11,0.26,
1217,0.05,-0.1,0.26,
1218,0.05,-0.09,0.26,
1219,0.06,-0.08,0.27,
1220,0.07,-0.07,0.28,
1221,0.07,-0.06,0.28,
1222,0.07,-0.06,0.29,
1223,0.07,-0.06,0.29,
1224,0.07,-0.06,0.29,
1225,0.06,-0.07,0.29,
1226,0.06,-0.08,0.28,
1227,0.05,-0.09,0.28,
1228,0.04,-0.1,0.28,
1229,0.03,-0.11,0.27,
1230,0.03,-0.12,0.27,
1231,0.03,-0.12,0.27,
1232,0.03,-0.12,0.27,
1233,0.03,-0.12,0.27,
1234,0.04,-0.11,0.28,
1235,0.05,-0.11,0.29,
1236,0.06,-0.1,0.29,
1237,0.07,-0.09,0.3,
1238,0.08,-0.08,0.31,
1239,0.09,-0.07,0.32,
1240,0.1,-0.07,0.33,
1241,0.11,-0.07,0.33,
1242,0.11,-0.07,0.34,
1243,0.12,-0.07,0.34,
1244,0.13,-0.07,0.35,
1245,0.13,-0.07,0.35,
1246,0.14,-0.07,0.35,
1247,0.14,-0.08,0.35,
1248,0.14,-0.08,0.35,
1249,0.14,-0.08,0.34,
1250,0.14,-0.09,0.34,
1251,0.13,-0.09,0.33,
1252,0.13,-0.09,0.32,
1253,0.12,-0.1,0.31,
1254,0.1,-0.1,0.29,
1255,0.09,-0.11,0.28,
1256,0.07,-0.11,0.27,
1257,0.06,-0.12,0.26,
1258,0.04,-0.13,0.25,
1259,0.03,-0.13,0.25,
1260,0.01,-0.14,0.24,
1261,0.01,-0.15,0.24,
1262,0.0,-0.16,0.23,
1263,0.0,-0.16,0.23,
1264,0.0,-0.17,0.23,
1265,0.0,-0.18,0.23,
1266,0.0,-0.18,0.22,
1267,0.01,-0.18,0.22,
1268,0.01,-0.19,0.22,
1269,0.02,-0.19,0.23,
1270,0.02,-0.19,0.23,
1271,0.02,-0.19,0.23,
1272,0.02,-0.2,0.24,
1273,0.03,-0.2,0.24,
1274,0.03,-0.2,0.24,
1275,0.02,-0.2,0.24,
1276,0.02,-0.21,0.24,
1277,0.02,-0.2,0.24,
1278,0.02,-0.2,0.24,
1279,0.02,-0.2,0.24,
1280,0.02,-0.2,0.24,
1281,0.02,-0.19,0.24,
1282,0.02,-0.19,0.24,
1283,0.02,-0.18,0.23,
1284,0.01,-0.18,0.23,
1285,0.0,-0.18,0.23,
1286,-0.01,-0.18,0.22,
1287,-0.02,-0.18,0.21,
1288,-0.03,-0.18,0.21,
1289,-0.04,-0.18,0.2,
1290,-0.04,-0.19,0.19,
1291,-0.05,-0.19,0.19,
1292,-0.05,-0.19,0.18,
1293,-0.05,-0.19,0.18,
1294,-0.05,-0.18,0.18,
1295,-0.05,-0.18,0.18,
1296,-0.05,-0.18,0.18,
1297,-0.04,-0.17,0.18,
1298,-0.04,-0.17,0.19,
1299,-0.03,-0.16,0.19,
1300,-0.02,-0.16,0.19,
1301,-0.02,-0.15,0.2,
1302,-0.01,-0.14,0.2,
1303,0.01,-0.13,0.21,
1304,0.02,-0.12,0.22,
1305,0.03,-0.11,0.23,
1306,0.04,-0.1,0.23,
1307,0.05,-0.1,0.24,
1308,0.06,-0.09,0.25,
1309,0.07,-0.08,0.26,
1310,0.07,-0.08,0.26,
1311,0.08,-0.07,0.27,
1312,0.09,-0.07,0.27,
1313,0.09,-0.06,0.27,
1314,0.1,-0.06,0.27,
1315,0.1,-0.06,0.27,
1316,0.1,-0.05,0.27,
1317,0.1,-0.05,0.27,
1318,0.11,-0.05,0.27,
1319,0.11,-0.05,0.27,
1320,0.11,-0.05,0.27,
1321,0.11,-0.05,0.28,
1322,0.12,-0.05,0.28,
1323,0.12,-0.05,0.29,
1324,0.12,-0.05,0.29,
1325,0.12,-0.05,0.29,
1326,0.12,-0.06,0.29,
1327,0.11,-0.07,0.29,
1328,0.1,-0.08,0.28,
1329,0.09,-0.09,0.28,
1330,0.08,-0.1,0.27,
1331,0.07,-0.11,0.26,
1332,0.05,-0.13,0.26,
1333,0.04,-0.14,0.25,
1334,0.03,-0.14,0.24,
1335,0.02,-0.15,0.23,
1336,0.01,-0.16,0.23,
1337,0.01,-0.16,0.22,
1338,0.0,-0.17,0.21,
1339,-0.01,-0.18,0.2,
1340,-0.01,-0.19,0.2,
1341,-0.02,-0.2,0.19,
1342,-0.04,-0.21,0.18,
1343,-0.05,-0.22,0.17,
1344,-0.06,-0.24,0.17,
1345,-0.06,-0.25,0.16,
1346,-0.07,-0.26,0.16,
1347,-0.08,-0.28,0.15,
1348,-0.08,-0.28,0.16,
1349,-0.08,-0.29,0.15,
1350,-0.07,-0.29,0.16,
1351,-0.07,-0.29,0.16,
1352,-0.07,-0.28,0.16,
1353,-0.06,-0.28,0.16,
1354,-0.06,-0.27,0.16,
1355,-0.06,-0.27,0.16,
1356,-0.05,-0.26,0.16,
1357,-0.05,-0.25,0.17,
1358,-0.04,-0.25,0.17,
1359,-0.04,-0.24,0.17,
1360,-0.03,-0.23,0.18,
1361,-0.02,-0.22,0.18,
1362,-0.01,-0.21,0.19,
1363,0.0,-0.19,0.2,
1364,0.02,-0.18,0.21,
1365,0.03,-0.18,0.22,
1366,0.04,-0.17,0.22,
1367,0.04,-0.17,0.23,
1368,0.05,-0.18,0.23,
1369,0.05,-0.18,0.23,
1370,0.05,-0.18,0.23,
1371,0.06,-0.19,0.24,
1372,0.06,-0.2,0.23,
1373,0.05,-0.21,0.23,
1374,0.05,-0.22,0.23,
1375,0.05,-0.22,0.23,
1376,0.05,-0.23,0.23,
1377,0.05,-0.23,0.23,
1378,0.05,-0.23,0.23,
1379,0.05,-0.23,0.23,
1380,0.06,-0.22,0.23,
1381,0.06,-0.22,0.23,
1382,0.06,-0.22,0.23,
1383,0.07,-0.22,0.23,
1384,0.07,-0.22,0.23,
1385,0.07,-0.23,0.23,
1386,0.07,-0.23,0.22,
1387,0.06,-0.24,0.22,
1388,0.06,-0.25,0.22,
1389,0.06,-0.25,0.22,
1390,0.05,-0.26,0.22,
1391,0.05,-0.26,0.21,
1392,0.04,-0.26,0.21,
1393,0.04,-0.26,0.21,
1394,0.03,-0.26,0.2,
1395,0.03,-0.26,0.2,
1396,0.03,-0.25,0.2,
1397,0.03,-0.24,0.21,
1398,0.03,-0.22,0.21,
1399,0.04,-0.21,0.22,
1400,0.05,-0.19,0.23,
1401,0.06,-0.18,0.24,
1402,0.07,-0.16,0.24,
1403,0.07,-0.16,0.25,
1404,0.08,-0.15,0.25,
1405,0.09,-0.15,0.25,
1406,0.09,-0.15,0.25,
1407,0.09,-0.16,0.25,
1408,0.09,-0.17,0.24,
1409,0.09,-0.18,0.24,
1410,0.08,-0.19,0.23,
1411,0.08,-0.2,0.23,
1412,0.07,-0.21,0.22,
1413,0.06,-0.21,0.22,
1414,0.06,-0.22,0.21,
1415,0.06,-0.22,0.21,
1416,0.05,-0.22,0.21,
1417,0.05,-0.21,0.22,
1418,0.06,-0.21,0.22,
1419,0.06,-0.2,0.22,
1420,0.06,-0.19,0.22,
1421,0.07,-0.18,0.23,
1422,0.07,-0.17,0.23,
1423,0.08,-0.16,0.24,
1424,0.09,-0.16,0.25,
1425,0.09,-0.15,0.25,
1426,0.1,-0.15,0.25,
1427,0.1,-0.15,0.26,
1428,0.1,-0.15,0.26,
1429,0.1,-0.15,0.26,
1430,0.1,-0.16,0.26,
1431,0.1,-0.16,0.26,
1432,0.09,-0.17,0.25,
1433,0.08,-0.18,0.24,
1434,0.08,-0.19,0.24,
1435,0.07,-0.21,0.23,
1436,0.06,-0.22,0.22,
1437,0.05,-0.23,0.22,
1438,0.04,-0.23,0.21,
1439,0.03,-0.24,0.21,
1440,0.02,-0.24,0.2,
1441,0.02,-0.25,0.2,
1442,0.01,-0.25,0.2,
1443,0.0,-0.25,0.19,
1444,-0.01,-0.26,0.18,
1445,-0.02,-0.27,0.17,
1446,-0.04,-0.28,0.16,
1447,-0.05,-0.29,0.15,
1448,-0.07,-0.3,0.14,
1449,-0.08,-0.31,0.12,
1450,-0.1,-0.33,0.11,
1451,-0.11,-0.34,0.1,
1452,-0.13,-0.36,0.09,
1453,-0.14,-0.37,0.08,
1454,-0.14,-0.37,0.07,
1455,-0.15,-0.38,0.07,
1456,-0.15,-0.38,0.07,
1457,-0.15,-0.38,0.07,
1458,-0.14,-0.38,0.07,
1459,-0.14,-0.38,0.07,
1460,-0.14,-0.38,0.08,
1461,-0.13,-0.38,0.08,
1462,-0.13,-0.38,0.08,
1463,-0.13,-0.38,0.09,
1464,-0.13,-0.39,0.09,
1465,-0.13,-0.39,0.09,
1466,-0.13,-0.4,0.09,
1467,-0.13,-0.4,0.09,
1468,-0.13,-0.4,0.09,
1469,-0.13,-0.4,0.09,
1470,-0.14,-0.4,0.09,
1471,-0.14,-0.4,0.09,
1472,-0.14,-0.4,0.09,
1473,-0.14,-0.4,0.09,
1474,-0.14,-0.39,0.09,
1475,-0.13,-0.39,0.1,
1476,-0.13,-0.38,0.1,
1477,-0.12,-0.37,0.11,
1478,-0.1,-0.36,0.12,
1479,-0.09,-0.35,0.12,
1480,-0.08,-0.34,0.13,
1481,-0.07,-0.33,0.14,
1482,-0.05,-0.33,0.15,
1483,-0.04,-0.32,0.16,
1484,-0.03,-0.32,0.16,
1485,-0.02,-0.31,0.17,
1486,-0.02,-0.31,0.17,
1487,-0.01,-0.31,0.18,
1488,-0.01,-0.31,0.18,
1489,-0.01,-0.31,0.18,
1490,-0.01,-0.31,0.17,
1491,-0.01,-0.32,0.17,
1492,-0.02,-0.32,0.16,
1493,-0.02,-0.32,0.16,
1494,-0.02,-0.33,0.15,
1495,-0.02,-0.33,0.15,
1496,-0.02,-0.33,0.15,
1497,-0.02,-0.33,0.15,
1498,-0.02,-0.33,0.15,
1499,-0.02,-0.33,0.16,
1500,-0.01,-0.33,0.16,
1501,-0.01,-0.33,0.17,
1502,0.0,-0.33,0.18,
1503,0.0,-0.33,0.18,
1504,0.01,-0.33,0.19,
1505,0.02,-0.33,0.2,
1506,0.02,-0.33,0.2,
1507,0.02,-0.33,0.2,
1508,0.02,-0.33,0.2,
1509,0.02,-0.33,0.2,
1510,0.02,-0.34,0.2,
1511,0.01,-0.34,0.19,
1512,0.0,-0.35,0.19,
1513,0.0,-0.35,0.18,
1514,-0.01,-0.36,0.17,
1515,-0.02,-0.37,0.16,
1516,-0.03,-0.38,0.16,
1517,-0.04,-0.39,0.15,
1518,-0.05,-0.4,0.15,
1519,-0.05,-0.4,0.14,
1520,-0.05,-0.41,0.14,
1521,-0.05,-0.41,0.14,
1522,-0.05,-0.41,0.14,
1523,-0.05,-0.41,0.14,
1524,-0.04,-0.4,0.15,
1525,-0.03,-0.4,0.15,
1526,-0.02,-0.39,0.16,
1527,-0.01,-0.38,0.17,
1528,0.0,-0.38,0.17,
1529,0.01,-0.37,0.18,
1530,0.02,-0.36,0.18,
1531,0.02,-0.35,0.19,
1532,0.03,-0.34,0.19,
1533,0.03,-0.34,0.19,
1534,0.03,-0.33,0.18,
1535,0.03,-0.32,0.18,
1536,0.02,-0.32,0.18,
1537,0.02,-0.32,0.17,
1538,0.01,-0.32,0.16,
1539,0.0,-0.33,0.16,
1540,-0.01,-0.33,0.15,
1541,-0.02,-0.34,0.15,
1542,-0.02,-0.34,0.14,
1543,-0.03,-0.35,0.14,
1544,-0.03,-0.35,0.15,
1545,-0.02,-0.35,0.15,
1546,-0.02,-0.34,0.15,
1547,-0.01,-0.34,0.16,
1548,0.0,-0.33,0.17,
1549,0.01,-0.33,0.17,
1550,0.02,-0.32,0.17,
1551,0.03,-0.31,0.18,
1552,0.03,-0.31,0.18,
1553,0.04,-0.3,0.18,
1554,0.04,-0.29,0.18,
1555,0.05,-0.29,0.18,
1556,0.06,-0.28,0.19,
1557,0.06,-0.28,0.19,
1558,0.07,-0.27,0.2,
1559,0.08,-0.26,0.2,
1560,0.09,-0.26,0.21,
1561,0.09,-0.25,0.22,
1562,0.1,-0.25,0.23,
1563,0.1,-0.25,0.23,
1564,0.1,-0.26,0.23,
1565,0.1,-0.26,0.23,
1566,0.09,-0.27,0.22,
1567,0.08,-0.28,0.21,
1568,0.07,-0.29,0.2,
1569,0.06,-0.3,0.2,
1570,0.04,-0.31,0.19,
1571,0.03,-0.32,0.18,
1572,0.02,-0.32,0.17,
1573,0.01,-0.33,0.17,
1574,0.0,-0.33,0.16,
1575,0.0,-0.33,0.15,
1576,-0.01,-0.34,0.14,
1577,-0.02,-0.34,0.13,
1578,-0.03,-0.34,0.13,
1579,-0.04,-0.34,0.12,
1580,-0.04,-0.34,0.12,
1581,-0.04,-0.34,0.11,
1582,-0.05,-0.34,0.11,
1583,-0.05,-0.34,0.1,
1584,-0.05,-0.33,0.1,
1585,-0.05,-0.33,0.1,
1586,-0.05,-0.33,0.1,
1587,-0.05,-0.33,0.1,
1588,-0.05,-0.34,0.1,
1589,-0.05,-0.34,0.1,
1590,-0.06,-0.34,0.1,
1591,-0.06,-0.35,0.1,
1592,-0.06,-0.36,0.1,
1593,-0.06,-0.37,0.09,
1594,-0.07,-0.38,0.09,
1595,-0.08,-0.39,0.08,
1596,-0.09,-0.4,0.07,
1597,-0.1,-0.41,0.07,
1598,-0.11,-0.43,0.06,
1599,-0.12,-0.44,0.05,
1600,-0.13,-0.45,0.05,
1601,-0.14,-0.46,0.04,
1602,-0.14,-0.47,0.04,
1603,-0.14,-0.47,0.05,
1604,-0.13,-0.48,0.05,
1605,-0.13,-0.48,0.06,
1606,-0.11,-0.48,0.07,
1607,-0.1,-0.48,0.08,
1608,-0.09,-0.47,0.1,
1609,-0.08,-0.47,0.11,
1610,-0.07,-0.46,0.12,
1611,-0.06,-0.45,0.13,
1612,-0.05,-0.44,0.14,
1613,-0.05,-0.44,0.15,
1614,-0.05,-0.43,0.15,
1615,-0.05,-0.42,0.15,
1616,-0.06,-0.42,0.14,
1617,-0.06,-0.41,0.14,
1618,-0.07,-0.41,0.13,
1619,-0.08,-0.41,0.11,
1620,-0.09,-0.4,0.1,
1621,-0.1,-0.4,0.09,
1622,-0.1,-0.4,0.08,
1623,-0.1,-0.39,0.08,
1624,-0.1,-0.39,0.08,
1625,-0.1,-0.38,0.08,
1626,-0.09,-0.37,0.08,
1627,-0.08,-0.36,0.09,
1628,-0.07,-0.35,0.1,
1629,-0.06,-0.35,0.11,
1630,-0.05,-0.34,0.12,
1631,-0.04,-0.33,0.13,
1632,-0.04,-0.33,0.14,
1633,-0.03,-0.33,0.14,
1634,-0.04,-0.33,0.14,
1635,-0.04,-0.34,0.14,
1636,-0.05,-0.34,0.13,
1637,-0.07,-0.35,0.12,
1638,-0.08,-0.37,0.1,
1639,-0.1,-0.38,0.09,
1640,-0.11,-0.4,0.08,
1641,-0.12,-0.41,0.07,
1642,-0.13,-0.43,0.06,
1643,-0.14,-0.44,0.06,
1644,-0.14,-0.45,0.06,
1645,-0.13,-0.46,0.06,
1646,-0.12,-0.46,0.07,
1647,-0.11,-0.45,0.08,
1648,-0.1,-0.44,0.09,
1649,-0.08,-0.43,0.1,
1650,-0.06,-0.41,0.11,
1651,-0.05,-0.39,0.11,
1652,-0.03,-0.36,0.12,
1653,-0.01,-0.34,0.13,
1654,0.0,-0.33,0.14,
1655,0.01,-0.32,0.15,
1656,0.01,-0.31,0.15,
1657,0.02,-0.31,0.16,
1658,0.02,-0.31,0.16,
1659,0.01,-0.32,0.15,
1660,0.0,-0.33,0.15,
1661,-0.01,-0.34,0.14,
1662,-0.02,-0.36,0.13,
1663,-0.04,-0.37,0.12,
1664,-0.05,-0.38,0.11,
1665,-0.07,-0.39,0.09,
1666,-0.08,-0.4,0.08,
1667,-0.09,-0.41,0.08,
1668,-0.1,-0.42,0.07,
1669,-0.11,-0.43,0.07,
1670,-0.12,-0.43,0.06,
1671,-0.13,-0.44,0.06,
1672,-0.14,-0.44,0.06,
1673,-0.14,-0.44,0.06,
1674,-0.15,-0.44,0.06,
1675,-0.15,-0.44,0.06,
1676,-0.15,-0.44,0.06,
1677,-0.14,-0.43,0.07,
1678,-0.13,-0.42,0.08,
1679,-0.12,-0.41,0.09,
1680,-0.11,-0.4,0.1,
1681,-0.09,-0.39,0.11,
1682,-0.07,-0.37,0.13,
1683,-0.05,-0.36,0.14,
1684,-0.03,-0.35,0.15,
1685,-0.01,-0.33,0.16,
1686,0.01,-0.32,0.16,
1687,0.02,-0.31,0.17,
1688,0.02,-0.31,0.16,
1689,0.02,-0.31,0.16,
1690,0.01,-0.31,0.15,
1691,0.0,-0.32,0.14,
1692,-0.01,-0.33,0.12,
1693,-0.03,-0.34,0.1,
1694,-0.06,-0.35,0.09,
1695,-0.08,-0.37,0.07,
1696,-0.1,-0.38,0.05,
1697,-0.12,-0.39,0.03,
1698,-0.14,-0.4,0.02,
1699,-0.15,-0.4,0.02,
1700,-0.16,-0.4,0.01,
1701,-0.17,-0.4,0.01,
1702,-0.16,-0.39,0.02,
1703,-0.16,-0.38,0.02,
1704,-0.15,-0.37,0.03,
1705,-0.15,-0.36,0.04,
1706,-0.14,-0.34,0.06,
1707,-0.12,-0.33,0.07,
1708,-0.11,-0.31,0.08,
1709,-0.1,-0.29,0.09,
1710,-0.09,-0.28,0.1,
1711,-0.08,-0.27,0.11,
1712,-0.07,-0.26,0.12,
1713,-0.06,-0.25,0.13,
1714,-0.06,-0.24,0.13,
1715,-0.05,-0.23,0.14,
1716,-0.04,-0.23,0.14,
1717,-0.04,-0.22,0.15,
1718,-0.03,-0.22,0.15,
1719,-0.02,-0.21,0.16,
1720,-0.01,-0.21,0.17,
1721,0.0,-0.21,0.17,
1722,0.0,-0.21,0.17,
1723,0.01,-0.22,0.18,
1724,0.01,-0.22,0.18,
1725,0.01,-0.23,0.18,
1726,0.01,-0.23,0.18,
1727,0.01,-0.23,0.18,
1728,0.01,-0.23,0.18,
1729,0.0,-0.23,0.18,
1730,0.0,-0.23,0.17,
1731,0.0,-0.22,0.17,
1732,-0.01,-0.22,0.16,
1733,-0.01,-0.22,0.16,
1734,-0.02,-0.22,0.15,
1735,-0.02,-0.22,0.15,
1736,-0.03,-0.22,0.14,
1737,-0.03,-0.22,0.14,
1738,-0.04,-0.23,0.13,
1739,-0.05,-0.23,0.13,
1740,-0.05,-0.24,0.12,
1741,-0.06,-0.24,0.12,
1742,-0.06,-0.25,0.12,
1743,-0.06,-0.25,0.13,
1744,-0.06,-0.26,0.13,
1745,-0.06,-0.26,0.14,
1746,-0.06,-0.27,0.14,
1747,-0.05,-0.27,0.15,
1748,-0.05,-0.27,0.16,
1749,-0.04,-0.27,0.16,
1750,-0.04,-0.26,0.16,
1751,-0.03,-0.25,0.16,
1752,-0.03,-0.24,0.16,
1753,-0.03,-0.23,0.17,
1754,-0.02,-0.21,0.17,
1755,-0.01,-0.2,0.17,
1756,-0.01,-0.18,0.18,
1757,0.0,-0.17,0.18,
1758,0.01,-0.17,0.18,
1759,0.01,-0.16,0.18,
1760,0.02,-0.16,0.19,
1761,0.02,-0.16,0.19,
1762,0.03,-0.16,0.19,
1763,0.03,-0.15,0.19,
1764,0.03,-0.15,0.19,
1765,0.03,-0.15,0.19,
1766,0.03,-0.15,0.19,
1767,0.03,-0.15,0.18,
1768,0.03,-0.15,0.18,
1769,0.03,-0.15,0.18,
1770,0.03,-0.15,0.18,
1771,0.03,-0.15,0.18,
1772,0.03,-0.15,0.19,
1773,0.03,-0.15,0.18,
1774,0.02,-0.15,0.18,
1775,0.02,-0.16,0.17,
1776,0.01,-0.16,0.17,
1777,0.01,-0.17,0.16,
1778,0.0,-0.17,0.15,
1779,-0.01,-0.18,0.14,
1780,-0.02,-0.18,0.14,
1781,-0.02,-0.19,0.13,
1782,-0.03,-0.19,0.12,
1783,-0.03,-0.19,0.12,
1784,-0.03,-0.18,0.12,
1785,-0.03,-0.18,0.12,
1786,-0.03,-0.18,0.13,
1787,-0.02,-0.18,0.13,
1788,-0.01,-0.17,0.14,
1789,0.0,-0.17,0.15,
1790,0.01,-0.16,0.16,
1791,0.03,-0.15,0.17,
1792,0.04,-0.14,0.18,
1793,0.05,-0.13,0.18,
1794,0.06,-0.13,0.19,
1795,0.07,-0.12,0.19,
1796,0.08,-0.11,0.19,
1797,0.08,-0.1,0.2,
1798,0.09,-0.1,0.2,
1799,0.09,-0.09,0.2,
1800,0.09,-0.09,0.2,
1801,0.09,-0.09,0.2,
1802,0.08,-0.09,0.19,
1803,0.07,-0.1,0.18,
1804,0.05,-0.11,0.17,
1805,0.03,-0.13,0.15,
1806,0.0,-0.15,0.13,
1807,-0.02,-0.17,0.11,
1808,-0.05,-0.2,0.09,
1809,-0.07,-0.23,0.06,
1810,-0.09,-0.26,0.04,
1811,-0.11,-0.28,0.02,
1812,-0.13,-0.3,0.0,
1813,-0.14,-0.32,-0.01,
1814,-0.15,-0.32,-0.02,
1815,-0.15,-0.33,-0.02,
1816,-0.15,-0.33,-0.02,
1817,-0.15,-0.32,-0.01,
1818,-0.14,-0.31,0.0,
1819,-0.13,-0.29,0.02,
1820,-0.11,-0.27,0.03,
1821,-0.1,-0.25,0.05,
1822,-0.08,-0.23,0.07,
1823,-0.07,-0.22,0.08,
1824,-0.05,-0.2,0.09,
1825,-0.04,-0.19,0.1,
1826,-0.04,-0.18,0.1,
1827,-0.03,-0.18,0.1,
1828,-0.04,-0.19,0.1,
1829,-0.04,-0.2,0.09,
1830,-0.05,-0.21,0.08,
1831,-0.06,-0.23,0.07,
1832,-0.08,-0.25,0.05,
1833,-0.09,-0.27,0.04,
1834,-0.11,-0.29,0.02,
1835,-0.12,-0.3,0.01,
1836,-0.13,-0.31,0.0,
1837,-0.13,-0.31,-0.01,
1838,-0.14,-0.32,-0.01,
1839,-0.14,-0.31,-0.01,
1840,-0.14,-0.31,0.0,
1841,-0.13,-0.31,0.0,
1842,-0.13,-0.3,0.01,
1843,-0.12,-0.29,0.02,
1844,-0.11,-0.29,0.03,
1845,-0.1,-0.28,0.04,
1846,-0.09,-0.28,0.04,
1847,-0.08,-0.27,0.05,
1848,-0.07,-0.26,0.06,
1849,-0.05,-0.26,0.06,
1850,-0.04,-0.25,0.07,
1851,-0.04,-0.24,0.08,
1852,-0.04,-0.24,0.08,
1853,-0.04,-0.24,0.08,
1854,-0.04,-0.24,0.07,
1855,-0.04,-0.23,0.07,0.0
1856,-0.05,-0.23,0.06,0.0
1857,-0.05,-0.23,0.06,-0.01
1858,-0.06,-0.23,0.06,-0.03
1859,-0.06,-0.23,0.06,-0.04
1860,-0.06,-0.23,0.06,-0.05
1861,-0.06,-0.22,0.07,-0.05
1862,-0.06,-0.22,0.07,-0.04
1863,-0.06,-0.22,0.08,-0.02
1864,-0.05,-0.21,0.08,-0.01
1865,-0.04,-0.21,0.09,-0.01
1866,-0.03,-0.2,0.09,0.0
1867,-0.03,-0.19,0.1,0.01
1868,-0.02,-0.18,0.1,0.02
1869,-0.01,-0.17,0.11,0.03
1870,0.0,-0.16,0.12,0.03
1871,0.01,-0.15,0.13,0.02
1872,0.02,-0.15,0.13,0.02
1873,0.02,-0.14,0.14,0.04
1874,0.03,-0.14,0.15,0.06
1875,0.03,-0.14,0.15,0.07
1876,0.03,-0.14,0.15,0.07
1877,0.03,-0.14,0.15,0.08
1878,0.03,-0.14,0.14,0.08
1879,0.02,-0.15,0.13,0.08
1880,0.02,-0.16,0.12,0.07
1881,0.01,-0.17,0.11,0.06
1882,0.0,-0.17,0.1,0.05
1883,-0.01,-0.17,0.09,0.01
1884,-0.01,-0.17,0.09,-0.03
1885,-0.01,-0.17,0.09,-0.02
1886,-0.01,-0.17,0.1,-0.04
1887,-0.01,-0.16,0.1,-0.06
1888,0.0,-0.15,0.11,-0.08
1889,0.0,-0.15,0.12,-0.09
1890,0.01,-0.14,0.12,-0.08
1891,0.01,-0.13,0.13,-0.08
1892,0.02,-0.13,0.14,-0.06
1893,0.03,-0.13,0.14,-0.03
1894,0.04,-0.12,0.15,-0.04
1895,0.05,-0.12,0.15,-0.05
1896,0.06,-0.12,0.16,-0.02
1897,0.06,-0.13,0.16,-0.01
1898,0.06,-0.13,0.16,-0.01
1899,0.06,-0.14,0.16,-0.01
1900,0.05,-0.15,0.15,-0.03
1901,0.04,-0.15,0.15,-0.03
1902,0.03,-0.16,0.14,-0.03
1903,0.02,-0.17,0.13,-0.06
1904,0.01,-0.18,0.12,-0.06
1905,0.01,-0.18,0.11,-0.09
1906,0.0,-0.19,0.1,-0.12
1907,-0.01,-0.19,0.09,-0.14
1908,-0.01,-0.19,0.09,-0.15
1909,-0.01,-0.18,0.09,-0.14
1910,-0.02,-0.17,0.09,-0.11
1911,-0.02,-0.17,0.1,-0.09
1912,-0.01,-0.15,0.1,-0.1
1913,0.0,-0.14,0.11,-0.11
1914,0.01,-0.13,0.13,-0.1
1915,0.02,-0.12,0.14,-0.08
1916,0.03,-0.1,0.15,-0.06
1917,0.05,-0.09,0.17,-0.03
1918,0.06,-0.07,0.18,-0.02
1919,0.08,-0.06,0.19,0.0
1920,0.09,-0.04,0.21,-0.01
1921,0.11,-0.03,0.22,-0.02
1922,0.12,-0.02,0.23,0.01
1923,0.14,-0.01,0.25,0.04
1924,0.15,0.01,0.26,0.05
1925,0.16,0.02,0.27,0.05
1926,0.17,0.03,0.28,0.06
1927,0.18,0.04,0.3,0.07
1928,0.19,0.05,0.31,0.09
1929,0.2,0.06,0.32,0.08
1930,0.22,0.07,0.34,0.1
1931,0.23,0.08,0.36,0.1
1932,0.24,0.09,0.37,0.09
1933,0.26,0.11,0.39,0.11
1934,0.28,0.12,0.4,0.13
1935,0.29,0.13,0.42,0.17
1936,0.31,0.14,0.43,0.19
1937,0.33,0.15,0.44,0.21
1938,0.34,0.16,0.45,0.22
1939,0.35,0.16,0.45,0.26
1940,0.35,0.17,0.45,0.29
1941,0.36,0.17,0.45,0.32
1942,0.35,0.17,0.44,0.33
1943,0.35,0.17,0.44,0.32
1944,0.34,0.17,0.43,0.31
1945,0.34,0.17,0.43,0.3
1946,0.33,0.18,0.43,0.27
1947,0.33,0.18,0.43,0.26
1948,0.33,0.18,0.43,0.26
1949,0.33,0.19,0.44,0.27
1950,0.33,0.19,0.44,0.24
1951,0.33,0.19,0.44,0.22
1952,0.33,0.2,0.45,0.21
1953,0.33,0.2,0.45,0.21
1954,0.34,0.2,0.45,0.22
1955,0.34,0.21,0.46,0.24
1956,0.34,0.21,0.46,0.25
1957,0.34,0.21,0.46,0.26
1958,0.34,0.21,0.46,0.25
1959,0.33,0.2,0.45,0.24
1960,0.33,0.2,0.45,0.22
1961,0.32,0.19,0.44,0.23
1962,0.32,0.18,0.43,0.24
1963,0.31,0.18,0.43,0.23
1964,0.31,0.17,0.42,0.22
1965,0.3,0.17,0.42,0.22
1966,0.3,0.17,0.42,0.23
1967,0.3,0.17,0.41,0.21
1968,0.29,0.17,0.42,0.21
1969,0.29,0.18,0.42,0.22
1970,0.29,0.18,0.43,0.24
1971,0.29,0.19,0.43,0.24
1972,0.3,0.19,0.44,0.24
1973,0.3,0.2,0.45,0.26
1974,0.32,0.21,0.46,0.28
1975,0.33,0.22,0.47,0.29
1976,0.35,0.24,0.48,0.32
1977,0.36,0.25,0.5,0.36
1978,0.38,0.26,0.51,0.37
1979,0.4,0.27,0.52,0.39
1980,0.41,0.29,0.53,0.41
1981,0.42,0.3,0.54,0.43
1982,0.43,0.31,0.56,0.46
1983,0.45,0.32,0.57,0.47
1984,0.46,0.33,0.58,0.5
1985,0.48,0.34,0.6,0.51
1986,0.5,0.36,0.62,0.52
1987,0.52,0.38,0.64,0.53
1988,0.54,0.39,0.66,0.54
1989,0.56,0.41,0.68,0.54
1990,0.58,0.43,0.7,0.55
1991,0.59,0.44,0.71,0.59
1992,0.61,0.45,0.74,0.6
1993,0.62,0.45,0.76,0.62
1994,0.64,0.46,0.77,0.65
1995,0.65,0.46,0.79,0.66
1996,,,,0.66
1997,,,,0.67
1998,,,,0.71
1999,,,,0.75
2000,,,,0.77
2001,,,,0.79
2002,,,,0.82
2003,,,,0.84
2004,,,,0.83
2005,,,,0.85
2006,,,,0.89
2007,,,,0.89
2008,,,,0.9
2009,,,,0.9
2010,,,,0.92
2011,,,,0.94
2012,,,,0.98
2013,,,,1.0
2014,,,,1.03
2015,,,,1.06
2016,,,,1.09
2017,,,,1.09
2018,,,,1.09
2019,,,,1.09
2020,,,,1.09
2021,,,,1.09
